[
  {
    "id": "013200a7-2265-434b-87de-087916420263",
    "data": [
      {
        "text": "Hard Knock Life",
        "userDefined": false
      }
    ],
    "isTemplate": false,
    "count": 0,
    "updated": 0
  },
  {
    "id": "af396c50-9bb4-49fc-bea3-a9901fc9966a",
    "data": [
      {
        "text": "Vol. ",
        "userDefined": false
      },
      {
        "text": "2",
        "meta": "@sys.ignore",
        "userDefined": false
      },
      {
        "text": " ... Hard Knock Life",
        "userDefined": false
      }
    ],
    "isTemplate": false,
    "count": 0,
    "updated": 0
  }
]