[
  {
    "id": "c8a1159c-c7ec-4da0-be0d-e29e5817cb11",
    "data": [
      {
        "text": "joon ho",
        "userDefined": false
      }
    ],
    "isTemplate": false,
    "count": 0,
    "updated": 0
  },
  {
    "id": "1c41eb4d-3d3f-4d6b-ae22-984b909785d8",
    "data": [
      {
        "text": "Joon-ho",
        "userDefined": false
      }
    ],
    "isTemplate": false,
    "count": 0,
    "updated": 0
  },
  {
    "id": "ab2b888c-235a-4475-964c-1f87fb86e84c",
    "data": [
      {
        "text": "Bong Joon-ho",
        "userDefined": false
      }
    ],
    "isTemplate": false,
    "count": 0,
    "updated": 0
  }
]