[
  {
    "id": "48ec7200-7586-4e3a-af4c-eb8e9eb4134d",
    "data": [
      {
        "text": "hundred",
        "userDefined": false
      }
    ],
    "isTemplate": false,
    "count": 0,
    "updated": 0
  },
  {
    "id": "5b1ff883-7b6a-4f72-9187-6d14901f0962",
    "data": [
      {
        "text": "a hundred",
        "meta": "@sys.ignore",
        "userDefined": false
      }
    ],
    "isTemplate": false,
    "count": 0,
    "updated": 0
  },
  {
    "id": "521f19c0-012b-46f5-9481-8c638a6df14a",
    "data": [
      {
        "text": "100",
        "meta": "@sys.ignore",
        "userDefined": false
      }
    ],
    "isTemplate": false,
    "count": 0,
    "updated": 0
  }
]