[
  {
    "id": "e64087ed-6d8e-42cf-b4c3-015a0dd0e4f9",
    "data": [
      {
        "text": "Vonage",
        "userDefined": false
      }
    ],
    "isTemplate": false,
    "count": 0,
    "updated": 0
  },
  {
    "id": "8ac5bf27-6b8d-4d34-b86d-f8501f00ebef",
    "data": [
      {
        "text": "hello",
        "userDefined": false
      }
    ],
    "isTemplate": false,
    "count": 0,
    "updated": 0
  },
  {
    "id": "fd02f3b9-855a-46f7-8aec-6e2ed66ed62c",
    "data": [
      {
        "text": "hi",
        "userDefined": false
      }
    ],
    "isTemplate": false,
    "count": 0,
    "updated": 0
  },
  {
    "id": "3a4f368c-4e13-4658-a432-ef1cb8b2fcfb",
    "data": [
      {
        "text": "play",
        "userDefined": false
      }
    ],
    "isTemplate": false,
    "count": 0,
    "updated": 0
  }
]